genotype,antibody,replicate,4000,1000,250,62.5,15.625,3.90625,0.9765625,0.244140625
wildtype,COV2-2165,1,4.63E-05,0.000923545,0.008923305,0.208652547,0.669135403,0.807814886,0.748591604,1.041744753
wildtype,COV2-2165,2,1.42E-05,0.000187536,0.012493711,0.245085174,0.642536921,0.765275868,0.800626838,0.881196968
wildtype,COV2-2832,1,4.05E-06,8.60E-05,3.57E-06,0.005548878,0.161852065,0.716705454,0.826124347,0.926389589
wildtype,COV2-2832,2,1.46E-06,2.06E-05,0.000462025,0.007694297,0.238681251,0.772473271,0.935206169,0.974100001
wildtype,COV2-2479,1,9.93E-05,7.92E-05,3.82E-05,0.017469742,0.635347234,0.885077023,0.962821804,1.079119784
wildtype,COV2-2479,2,1.07E-05,1.08E-04,7.86E-05,0.016244281,0.669451944,0.981588703,1.05442043,1.027660674
wildtype,COV2-2082,1,1.75E-05,3.93E-05,0.008314723,0.263180359,0.851835468,0.997631364,1.023373659,1.050890346
wildtype,COV2-2082,2,2.91E-06,2.60E-05,0.01094243,0.240788204,0.829311713,1.042510517,1.023494978,1.097147676
N487R,COV2-2165,1,0.004818845,0.165576269,0.500779477,0.823943179,0.833043416,0.897628323,0.94690392,0.812081674
N487R,COV2-2165,2,0.00603425,0.202052958,0.523251656,0.91589103,0.852340742,0.901542369,0.970219465,0.967240527
N487R,COV2-2832,1,0.758327122,1.067723206,0.957101247,0.894968412,0.945912637,0.948298408,0.965874367,0.943023191
N487R,COV2-2832,2,0.734431648,1.066074686,0.96080981,0.942553625,0.972202982,0.924791516,0.996805155,0.988398553
N487R,COV2-2479,1,0.000203072,0.000275895,0.000531145,0.001578065,0.036021285,0.352942136,0.83015213,0.97023635
N487R,COV2-2479,2,3.89E-06,9.22E-05,2.00E-05,0.001951549,0.079372285,0.412322432,0.870549044,0.918772512
D420R,COV2-2165,1,0.6639874,0.819767566,0.874512879,0.718692461,0.796584203,0.76685082,1.057097377,1.078052048
D420R,COV2-2165,2,0.851717534,0.882381599,1.028658755,0.809183854,0.842494012,0.807333923,1.049773697,1.225460095
F486A,COV2-2165,1,1.96E-06,2.31E-05,0.005139238,0.144111217,0.700179586,0.812391068,0.872538972,0.945983493
F486A,COV2-2165,2,9.30E-05,0.000160449,0.007397725,0.1709881,0.733457462,0.796983357,0.98963548,0.904729073
F486A,COV2-2832,1,0.715764281,0.927933091,0.869242051,0.842734686,1.018796369,0.854665649,0.855588902,0.835883194
F486A,COV2-2832,2,0.747374222,0.906923639,0.911594858,0.863961544,0.957048635,0.809447897,0.890799404,0.953390108
F486A,COV2-2479,1,0.000118011,5.02E-05,0.000170005,0.005885325,0.236734744,0.976905638,0.979775216,1.085448717
F486A,COV2-2479,2,4.12E-05,4.08E-05,3.26E-06,0.007484511,0.272261715,0.850183338,0.960202829,0.903534748
A475V,COV2-2165,1,3.55E-07,2.57E-05,0.002916006,0.092962592,0.428343257,0.63472939,0.851123388,1.07737644
A475V,COV2-2165,2,2.75E-05,0.000451407,0.004786776,0.11497629,0.487198506,0.70674293,0.882671496,1.133705902
E484V,COV2-2832,1,4.20E-05,5.77E-05,0.030511724,0.194289412,0.6192474,1.026562912,0.803153322,1.018045706
E484V,COV2-2832,2,5.99E-06,0.001143048,0.016845874,0.204226898,0.630840248,0.83823599,0.732359093,1.164056714
E484V,COV2-2479,1,0.103166135,0.377125175,0.871453417,0.818831536,1.122157298,0.977419159,0.818850217,1.001805014
E484V,COV2-2479,2,0.093929077,0.405256868,0.941889988,0.807102992,0.766413463,0.964039672,0.937239234,0.988407108
F490K,COV2-2832,1,3.94E-06,9.57E-05,0.000837788,0.004252625,0.119537986,0.554589679,0.776396395,1.011757192
F490K,COV2-2832,2,1.57E-05,7.71E-05,0.000227152,0.002961006,0.108682368,0.591007427,0.798942474,0.993927695
F490K,COV2-2479,1,0.450517892,0.687174934,0.966999048,0.887592722,0.857652648,0.781888139,0.752591619,1.017399519
F490K,COV2-2479,2,0.415958766,0.705691045,0.961784139,0.925935079,0.874138932,0.838726345,0.86949598,1.041828864
K378N,COV2-2082,1,0.825346739,1.000342876,0.897997187,0.913409354,0.989806987,0.910509839,0.873415706,0.818767751
K378N,COV2-2082,2,0.826424795,0.921007256,0.828721338,0.945780367,0.935393636,0.930895945,0.908872101,0.872278504
F392A,COV2-2082,1,0.000368983,1.63E-06,0.012020611,0.253448273,0.902584055,1.025209765,0.957146628,0.931486748
F392A,COV2-2082,2,7.26E-05,0.000185269,0.017934382,0.212602577,0.844566276,0.899905114,1.003777876,1.000321311
K417E,COV2-2082,1,0.361513453,0.715144659,0.908016878,0.938983416,1.053428543,0.803776121,0.987541421,1.020844083
K417E,COV2-2082,2,0.378923571,1.020180239,1.001861421,1.111061701,1.265175956,1.032455275,1.049729009,1.089028356